observation_date,MORTGAGE30US_DGS10
1971-04-08,1.72400
1971-04-15,1.55500
1971-04-22,1.36400
1971-04-29,1.29600
1971-05-06,1.08600
1971-05-13,1.07000
1971-05-20,0.86000
1971-05-27,1.00400
1971-06-03,1.16750
1971-06-10,1.14000
1971-06-17,0.87600
1971-06-24,0.95000
1971-07-01,0.87600
1971-07-08,0.86500
1971-07-15,0.92400
1971-07-22,0.88800
1971-07-29,0.76200
1971-08-05,0.81600
1971-08-12,0.80200
1971-08-19,1.31400
1971-08-26,1.31000
1971-09-02,1.42600
1971-09-09,1.61000
1971-09-16,1.50800
1971-09-23,1.53200
1971-09-30,1.57200
1971-10-07,1.68200
1971-10-14,1.74000
1971-10-21,1.70800
1971-10-28,1.67750
1971-11-04,1.85250
1971-11-11,1.81600
1971-11-18,1.79600
1971-11-25,1.67750
1971-12-02,1.58200
1971-12-09,1.58200
1971-12-16,1.53400
1971-12-23,1.50400
1971-12-30,1.58750
1972-01-06,1.56600
1972-01-13,1.58800
1972-01-20,1.54000
1972-01-27,1.41200
1972-02-03,1.31600
1972-02-10,1.24800
1972-02-17,1.23800
1972-02-24,1.24500
1972-03-02,1.26800
1972-03-09,1.30200
1972-03-16,1.25000
1972-03-23,1.22400
1972-03-30,1.19600
1972-04-06,1.06000
1972-04-13,1.05200
1972-04-20,1.05800
1972-04-27,1.10600
1972-05-04,1.17400
1972-05-11,1.14600
1972-05-18,1.22800
1972-05-25,1.31600
1972-06-01,1.34750
1972-06-08,1.24800
1972-06-15,1.27800
1972-06-22,1.28800
1972-06-29,1.24000
1972-07-06,1.24250
1972-07-13,1.25600
1972-07-20,1.30000
1972-07-27,1.30000
1972-08-03,1.26600
1972-08-10,1.20000
1972-08-17,1.24000
1972-08-24,1.20600
1972-08-31,1.07200
1972-09-07,0.94500
1972-09-14,0.87000
1972-09-21,0.85800
1972-09-28,0.81200
1972-10-05,0.89400
1972-10-12,0.91750
1972-10-19,0.92000
1972-10-26,0.99500
1972-11-02,1.02400
1972-11-09,1.13750
1972-11-16,1.16000
1972-11-23,1.17000
1972-11-30,1.15800
1972-12-07,1.14600
1972-12-14,1.08800
1972-12-21,1.04400
1972-12-28,1.05000
1973-01-04,1.03500
1973-01-11,1.01400
1973-01-18,0.99400
1973-01-25,0.94600
1973-02-01,0.88200
1973-02-08,0.78600
1973-02-15,0.81000
1973-02-22,0.80000
1973-03-01,0.81200
1973-03-08,0.77800
1973-03-15,0.75000
1973-03-22,0.69000
1973-03-29,0.73800
1973-04-05,0.77400
1973-04-12,0.86800
1973-04-19,0.90200
1973-04-26,0.87750
1973-05-03,0.83200
1973-05-10,0.77800
1973-05-17,0.80000
1973-05-24,0.79900
1973-05-31,
1973-06-07,0.76600
1973-06-14,0.87000
1973-06-21,0.85400
1973-06-28,0.82800
1973-07-05,0.76750
1973-07-12,0.84600
1973-07-19,0.94000
1973-07-26,0.92000
1973-08-02,0.73600
1973-08-09,0.71800
1973-08-16,0.94600
1973-08-23,1.20600
1973-08-30,1.35200
1973-09-06,1.49250
1973-09-13,1.59600
1973-09-20,1.68200
1973-09-27,1.85200
1973-10-04,1.95400
1973-10-11,2.02250
1973-10-18,2.03800
1973-10-25,1.98000
1973-11-01,1.96400
1973-11-08,1.87250
1973-11-15,1.82400
1973-11-22,1.86500
1973-11-29,1.87200
1973-12-06,1.84200
1973-12-13,1.82800
1973-12-20,1.83600
1973-12-27,1.70000
1974-01-03,1.63250
1974-01-10,1.59600
1974-01-17,1.53600
1974-01-24,1.55000
1974-01-31,1.50800
1974-02-07,1.52200
1974-02-14,1.53000
1974-02-21,1.51000
1974-02-28,1.43600
1974-03-07,1.32600
1974-03-14,1.31200
1974-03-21,1.15600
1974-03-28,1.03000
1974-04-04,0.97000
1974-04-11,0.95200
1974-04-18,1.08000
1974-04-25,1.07400
1974-05-02,1.10000
1974-05-09,1.21000
1974-05-16,1.41400
1974-05-23,1.41000
1974-05-30,1.50500
1974-06-06,1.51200
1974-06-13,1.57800
1974-06-20,1.59400
1974-06-27,1.46800
1974-07-04,1.44000
1974-07-11,1.35000
1974-07-18,1.31000
1974-07-25,1.58200
1974-08-01,1.55200
1974-08-08,1.49800
1974-08-15,1.45800
1974-08-22,1.57800
1974-08-29,1.46800
1974-09-05,1.63000
1974-09-12,1.81400
1974-09-19,1.83200
1974-09-26,2.04600
1974-10-03,2.05600
1974-10-10,2.04800
1974-10-17,2.08500
1974-10-24,2.15000
1974-10-31,2.10400
1974-11-07,2.09500
1974-11-14,2.06750
1974-11-21,2.19800
1974-11-28,2.10750
1974-12-05,2.03800
1974-12-12,2.25400
1974-12-19,2.33000
1974-12-26,2.21000
1975-01-02,2.16000
1975-01-09,2.21200
1975-01-16,2.01000
1975-01-23,1.88000
1975-01-30,1.75200
1975-02-06,1.83600
1975-02-13,1.77750
1975-02-20,1.83250
1975-02-27,1.67400
1975-03-06,1.52800
1975-03-13,1.44000
1975-03-20,1.14400
1975-03-27,0.85600
1975-04-03,0.75000
1975-04-10,0.63400
1975-04-17,0.63000
1975-04-24,0.51400
1975-05-01,0.52800
1975-05-08,0.82800
1975-05-15,0.83000
1975-05-22,0.92200
1975-05-29,0.87000
1975-06-05,0.88600
1975-06-12,1.14000
1975-06-19,1.16000
1975-06-26,0.93200
1975-07-03,0.89400
1975-07-10,
1975-07-17,0.89400
1975-07-24,0.80800
1975-07-31,0.74400
1975-08-07,0.51400
1975-08-14,0.48600
1975-08-21,0.47800
1975-08-28,0.58600
1975-09-04,0.75500
1975-09-11,0.65600
1975-09-18,0.60600
1975-09-25,0.77200
1975-10-02,0.68000
1975-10-09,0.90200
1975-10-16,1.06000
1975-10-23,1.16400
1975-10-30,1.28200
1975-11-06,1.30750
1975-11-13,1.25750
1975-11-20,1.05400
1975-11-27,0.95000
1975-12-04,0.98800
1975-12-11,0.92200
1975-12-18,1.09200
1975-12-25,1.22000
1976-01-01,1.34250
1976-01-08,1.38400
1976-01-15,1.40000
1976-01-22,1.24200
1976-01-29,1.19600
1976-02-05,1.08000
1976-02-12,0.99250
1976-02-19,1.03250
1976-02-26,1.10200
1976-03-04,0.92600
1976-03-11,0.99600
1976-03-18,1.01000
1976-03-25,1.07400
1976-04-01,1.09600
1976-04-08,1.10200
1976-04-15,1.20400
1976-04-22,1.25000
1976-04-29,1.14400
1976-05-06,1.05400
1976-05-13,0.83600
1976-05-20,0.81000
1976-05-27,0.80800
1976-06-03,0.84000
1976-06-10,0.89400
1976-06-17,0.97600
1976-06-24,1.07200
1976-07-01,1.04200
1976-07-08,1.10000
1976-07-15,1.15600
1976-07-22,1.07400
1976-07-29,1.04800
1976-08-05,1.14800
1976-08-12,1.17000
1976-08-19,1.24200
1976-08-26,1.28400
1976-09-02,1.32000
1976-09-09,1.35250
1976-09-16,1.34200
1976-09-23,1.45200
1976-09-30,1.40000
1976-10-07,1.44200
1976-10-14,1.59500
1976-10-21,1.60200
1976-10-28,1.48000
1976-11-04,1.49500
1976-11-11,1.40500
1976-11-18,1.43600
1976-11-25,1.62250
1976-12-02,1.81800
1976-12-09,1.91200
1976-12-16,1.92600
1976-12-23,1.94600
1976-12-30,1.94500
1977-01-06,1.90800
1977-01-13,1.50200
1977-01-20,1.44200
1977-01-27,1.39000
1977-02-03,1.30200
1977-02-10,1.35000
1977-02-17,1.36000
1977-02-24,1.19750
1977-03-03,1.19000
1977-03-10,1.15200
1977-03-17,1.25200
1977-03-24,1.26000
1977-03-31,1.24400
1977-04-07,1.25400
1977-04-14,1.41000
1977-04-21,1.46000
1977-04-28,1.39600
1977-05-05,1.32800
1977-05-12,1.27200
1977-05-19,1.36800
1977-05-26,1.41600
1977-06-02,1.46750
1977-06-09,1.49000
1977-06-16,1.59800
1977-06-23,1.59400
1977-06-30,1.69000
1977-07-07,1.61250
1977-07-14,1.62000
1977-07-21,1.62600
1977-07-28,1.62200
1977-08-04,1.50200
1977-08-11,1.50800
1977-08-18,1.49000
1977-08-25,1.56600
1977-09-01,1.65600
1977-09-08,1.62500
1977-09-15,1.54400
1977-09-22,1.55000
1977-09-29,1.50800
1977-10-06,1.48800
1977-10-13,1.40500
1977-10-20,1.38600
1977-10-27,1.36600
1977-11-03,1.26400
1977-11-10,1.28750
1977-11-17,1.37750
1977-11-24,1.39000
1977-12-01,1.38400
1977-12-08,1.33200
1977-12-15,1.30000
1977-12-22,1.23600
1977-12-29,1.17000
1978-01-05,1.18500
1978-01-12,1.01400
1978-01-19,1.05200
1978-01-26,0.99800
1978-02-02,1.09200
1978-02-09,1.13800
1978-02-16,1.08750
1978-02-23,1.05750
1978-03-02,1.11200
1978-03-09,1.11600
1978-03-16,1.15400
1978-03-23,1.24400
1978-03-30,1.11250
1978-04-06,1.11000
1978-04-13,1.12800
1978-04-20,1.22000
1978-04-27,1.18400
1978-05-04,1.17400
1978-05-11,1.13800
1978-05-18,1.20000
1978-05-25,1.19600
1978-06-01,1.26333
1978-06-08,1.30200
1978-06-15,1.29200
1978-06-22,1.26000
1978-06-29,1.12800
1978-07-06,1.11750
1978-07-13,1.05600
1978-07-20,1.08200
1978-07-27,1.10000
1978-08-03,1.25400
1978-08-10,1.40400
1978-08-17,1.30400
1978-08-24,1.39000
1978-08-31,1.42600
1978-09-07,1.39750
1978-09-14,1.43800
1978-09-21,1.33600
1978-09-28,1.20400
1978-10-05,1.20000
1978-10-12,1.29250
1978-10-19,1.25600
1978-10-26,1.18400
1978-11-02,1.07800
1978-11-09,1.04000
1978-11-16,1.25200
1978-11-23,1.45500
1978-11-30,1.42000
1978-12-07,1.45800
1978-12-14,1.41800
1978-12-21,1.23200
1978-12-28,1.22000
1979-01-04,1.23000
1979-01-11,1.23800
1979-01-18,1.21800
1979-01-25,1.31400
1979-02-01,1.45400
1979-02-08,1.39600
1979-02-15,1.31500
1979-02-22,1.25500
1979-03-01,1.21200
1979-03-08,1.30800
1979-03-15,1.28200
1979-03-22,1.27600
1979-03-29,1.35400
1979-04-05,1.35400
1979-04-12,1.31800
1979-04-19,1.31750
1979-04-26,1.27200
1979-05-03,1.18000
1979-05-10,1.22400
1979-05-17,1.37800
1979-05-24,1.58000
1979-05-31,1.72333
1979-06-07,1.90200
1979-06-14,2.16400
1979-06-21,2.10400
1979-06-28,2.23400
1979-07-05,2.31500
1979-07-12,2.22600
1979-07-19,2.07800
1979-07-26,2.07400
1979-08-02,2.08800
1979-08-09,2.15200
1979-08-16,2.08400
1979-08-23,2.04800
1979-08-30,1.94800
1979-09-06,1.82250
1979-09-13,1.88200
1979-09-20,1.97600
1979-09-27,2.00600
1979-10-04,1.85000
1979-10-11,1.40250
1979-10-18,1.18200
1979-10-25,0.85600
1979-11-01,1.25800
1979-11-08,1.88750
1979-11-15,2.18000
1979-11-22,2.03000
1979-11-29,2.43400
1979-12-06,2.59200
1979-12-13,2.47600
1979-12-20,2.51600
1979-12-27,2.45500
1980-01-03,2.44000
1980-01-10,2.26000
1980-01-17,2.22200
1980-01-24,1.97800
1980-01-31,1.74000
1980-02-07,1.24000
1980-02-14,0.94000
1980-02-21,0.10250
1980-02-28,-0.24200
1980-03-06,0.67400
1980-03-13,1.39600
1980-03-20,2.90600
1980-03-27,2.69600
1980-04-03,3.39000
1980-04-10,4.23500
1980-04-17,4.94800
1980-04-24,5.42600
1980-05-01,5.53400
1980-05-08,5.82800
1980-05-15,4.44400
1980-05-22,3.89000
1980-05-29,3.34250
1980-06-05,3.03800
1980-06-12,3.34000
1980-06-19,3.33200
1980-06-26,2.88800
1980-07-03,2.25800
1980-07-10,2.02000
1980-07-17,2.01800
1980-07-24,2.00600
1980-07-31,1.67000
1980-08-07,1.51800
1980-08-14,1.31600
1980-08-21,1.40000
1980-08-28,1.29800
1980-09-04,1.67250
1980-09-11,1.80000
1980-09-18,1.55800
1980-09-25,1.56200
1980-10-02,1.52400
1980-10-09,2.18400
1980-10-16,2.33750
1980-10-23,2.04800
1980-10-30,1.62000
1980-11-06,1.35750
1980-11-13,1.48000
1980-11-20,1.48800
1980-11-27,1.54250
1980-12-04,1.39600
1980-12-11,1.31400
1980-12-18,1.53600
1980-12-25,2.56250
1981-01-01,2.63250
1981-01-08,2.66800
1981-01-15,2.26000
1981-01-22,2.18800
1981-01-29,2.08200
1981-02-05,2.20400
1981-02-12,1.75250
1981-02-19,1.68750
1981-02-26,1.98800
1981-03-05,1.82800
1981-03-12,2.29600
1981-03-19,2.67200
1981-03-26,2.25000
1981-04-02,2.18000
1981-04-09,1.87800
1981-04-16,1.82400
1981-04-23,1.90000
1981-04-30,1.79200
1981-05-07,1.40000
1981-05-14,1.76800
1981-05-21,2.66600
1981-05-28,2.94000
1981-06-04,3.28000
1981-06-11,3.37600
1981-06-18,3.42600
1981-06-25,3.14600
1981-07-02,2.77600
1981-07-09,2.62000
1981-07-16,2.73800
1981-07-23,2.24200
1981-07-30,2.34200
1981-08-06,2.24200
1981-08-13,2.50200
1981-08-20,2.49000
1981-08-27,1.99800
1981-09-03,2.09000
1981-09-10,2.30750
1981-09-17,3.14200
1981-09-24,3.21800
1981-10-01,2.62400
1981-10-08,3.12400
1981-10-15,3.80250
1981-10-22,3.32000
1981-10-29,
1981-11-05,4.04750
1981-11-12,4.89000
1981-11-19,4.92600
1981-11-26,4.52750
1981-12-03,3.93800
1981-12-10,3.38200
1981-12-17,3.29000
1981-12-24,2.99800
1981-12-31,2.92500
1982-01-07,
1982-01-14,2.61200
1982-01-21,2.68000
1982-01-28,3.08000
1982-02-04,3.06200
1982-02-11,2.76000
1982-02-18,3.21333
1982-02-25,3.69600
1982-03-04,3.73600
1982-03-11,3.56400
1982-03-18,3.27200
1982-03-25,3.28800
1982-04-01,2.91200
1982-04-08,2.83000
1982-04-15,3.03000
1982-04-22,3.23200
1982-04-29,3.11400
1982-05-06,3.00400
1982-05-13,3.25200
1982-05-20,3.06600
1982-05-27,3.04600
1982-06-03,2.78000
1982-06-10,2.66800
1982-06-17,2.48200
1982-06-24,2.03800
1982-07-01,2.14200
1982-07-08,2.45500
1982-07-15,2.93400
1982-07-22,3.27600
1982-07-29,2.92400
1982-08-05,3.05400
1982-08-12,2.85000
1982-08-19,3.64400
1982-08-26,3.80200
1982-09-02,3.13000
1982-09-09,3.08000
1982-09-16,2.93600
1982-09-23,3.15200
1982-09-30,3.29800
1982-10-07,3.66400
1982-10-14,4.37000
1982-10-21,3.94600
1982-10-28,3.30800
1982-11-04,3.61250
1982-11-11,3.40500
1982-11-18,3.25000
1982-11-25,3.28750
1982-12-02,3.07000
1982-12-09,3.13800
1982-12-16,3.09600
1982-12-23,3.05400
1982-12-30,3.15250
1983-01-06,3.21200
1983-01-13,3.12600
1983-01-20,2.97000
1983-01-27,2.46200
1983-02-03,2.28000
1983-02-10,2.10600
1983-02-17,2.26800
1983-02-24,2.59000
1983-03-03,2.73200
1983-03-10,2.29000
1983-03-17,2.26600
1983-03-24,2.21800
1983-03-31,2.23800
1983-04-07,2.29750
1983-04-14,2.41600
1983-04-21,2.42400
1983-04-28,2.39200
1983-05-05,2.51600
1983-05-12,2.52000
1983-05-19,2.20600
1983-05-26,1.97400
1983-06-02,1.93500
1983-06-09,1.89400
1983-06-16,2.06600
1983-06-23,2.16000
1983-06-30,1.93600
1983-07-07,1.93250
1983-07-14,1.93800
1983-07-21,2.12400
1983-07-28,2.08000
1983-08-04,1.76600
1983-08-11,1.60200
1983-08-18,2.08400
1983-08-25,2.29200
1983-09-01,1.90800
1983-09-08,1.93750
1983-09-15,2.07000
1983-09-22,2.09000
1983-09-29,2.25200
1983-10-06,2.24400
1983-10-13,2.05500
1983-10-20,2.10000
1983-10-27,1.88600
1983-11-03,1.71800
1983-11-10,1.60750
1983-11-17,1.77000
1983-11-24,1.78750
1983-12-01,1.82600
1983-12-08,1.61600
1983-12-15,1.45000
1983-12-22,1.57800
1983-12-29,1.67500
1984-01-05,1.62250
1984-01-12,1.68800
1984-01-19,1.81800
1984-01-26,1.71600
1984-02-02,1.65000
1984-02-09,1.56800
1984-02-16,1.40000
1984-02-23,1.23750
1984-03-01,1.20200
1984-03-08,1.10800
1984-03-15,1.01800
1984-03-22,0.93600
1984-03-29,1.03400
1984-04-05,0.93800
1984-04-12,1.15000
1984-04-19,0.93600
1984-04-26,0.94250
1984-05-03,0.89400
1984-05-10,0.63000
1984-05-17,0.37600
1984-05-24,0.50800
1984-05-31,0.19500
1984-06-07,0.79000
1984-06-14,0.84800
1984-06-21,1.02400
1984-06-28,0.72200
1984-07-05,0.68000
1984-07-12,1.11400
1984-07-19,1.36800
1984-07-26,1.46600
1984-08-02,1.77800
1984-08-09,2.02000
1984-08-16,1.83400
1984-08-23,1.72000
1984-08-30,1.57000
1984-09-06,1.53000
1984-09-13,1.85000
1984-09-20,2.09000
1984-09-27,1.83000
1984-10-04,1.73800
1984-10-11,1.82500
1984-10-18,1.92800
1984-10-25,2.26400
1984-11-01,2.22200
1984-11-08,2.15250
1984-11-15,1.98250
1984-11-22,2.07500
1984-11-29,2.23000
1984-12-06,1.86200
1984-12-13,1.56600
1984-12-20,1.79000
1984-12-27,1.79250
1985-01-03,1.55750
1985-01-10,1.58600
1985-01-17,1.58600
1985-01-24,1.88750
1985-01-31,1.84400
1985-02-07,1.58000
1985-02-14,1.54250
1985-02-21,1.42250
1985-02-28,1.13400
1985-03-07,1.11800
1985-03-14,1.29400
1985-03-21,1.26600
1985-03-28,1.42000
1985-04-04,1.59200
1985-04-11,1.66250
1985-04-18,1.93600
1985-04-25,1.92800
1985-05-02,1.76200
1985-05-09,1.86400
1985-05-16,2.09000
1985-05-23,2.28800
1985-05-30,2.36750
1985-06-06,2.69000
1985-06-13,2.23000
1985-06-20,2.26400
1985-06-27,1.60600
1985-07-04,1.93250
1985-07-11,2.06600
1985-07-18,1.82600
1985-07-25,1.48000
1985-08-01,1.43000
1985-08-08,1.58400
1985-08-15,1.84000
1985-08-22,2.05800
1985-08-29,2.03600
1985-09-05,1.87250
1985-09-12,1.65000
1985-09-19,1.83200
1985-09-26,1.89600
1985-10-03,1.86500
1985-10-10,1.79800
1985-10-17,1.89500
1985-10-24,1.97800
1985-10-31,1.95400
1985-11-07,2.06400
1985-11-14,2.10000
1985-11-21,2.05600
1985-11-28,1.97500
1985-12-05,1.93800
1985-12-12,2.10600
1985-12-19,2.18600
1985-12-26,2.08250
1986-01-02,2.08000
1986-01-09,1.71800
1986-01-16,1.38600
1986-01-23,1.74750
1986-01-30,1.85000
1986-02-06,1.87800
1986-02-13,1.89000
1986-02-20,2.12750
1986-02-27,2.32400
1986-03-06,2.46800
1986-03-13,2.43000
1986-03-20,2.22600
1986-03-27,2.34400
1986-04-03,2.72500
1986-04-10,2.65200
1986-04-17,2.83800
1986-04-24,2.67000
1986-05-01,2.40600
1986-05-08,2.45000
1986-05-15,2.35400
1986-05-22,2.15400
1986-05-29,2.53750
1986-06-05,2.12800
1986-06-12,2.71200
1986-06-19,3.11000
1986-06-26,3.11800
1986-07-03,3.26400
1986-07-10,3.26750
1986-07-17,3.37200
1986-07-24,3.20200
1986-07-31,2.99600
1986-08-07,3.00400
1986-08-14,3.18200
1986-08-21,3.17800
1986-08-28,3.00000
1986-09-04,2.84750
1986-09-11,2.50600
1986-09-18,2.40600
1986-09-25,2.50600
1986-10-02,2.63600
1986-10-09,2.77800
1986-10-16,2.51750
1986-10-23,2.41600
1986-10-30,2.53800
1986-11-06,2.59000
1986-11-13,2.46500
1986-11-20,2.57800
1986-11-27,2.49500
1986-12-04,2.40400
1986-12-11,2.20800
1986-12-18,2.22400
1986-12-25,2.21250
1987-01-01,2.11250
1987-01-08,2.28400
1987-01-15,2.25000
1987-01-22,2.19000
1987-01-29,1.91000
1987-02-05,1.86200
1987-02-12,1.77000
1987-02-19,1.80500
1987-02-26,1.89600
1987-03-05,1.89600
1987-03-12,1.80200
1987-03-19,1.84400
1987-03-26,1.78200
1987-04-02,1.51800
1987-04-09,1.63200
1987-04-16,1.33800
1987-04-23,2.01500
1987-04-30,2.03400
1987-05-07,1.99000
1987-05-14,1.98600
1987-05-21,1.63800
1987-05-28,2.18750
1987-06-04,2.12400
1987-06-11,2.16600
1987-06-18,2.38400
1987-06-25,2.17600
1987-07-02,2.00000
1987-07-09,2.04500
1987-07-16,1.92600
1987-07-23,1.75800
1987-07-30,1.62600
1987-08-06,1.52600
1987-08-13,1.64600
1987-08-20,1.66400
1987-08-27,1.50200
1987-09-03,1.20200
1987-09-10,1.20500
1987-09-17,1.48800
1987-09-24,1.56800
1987-10-01,1.42400
1987-10-08,1.46400
1987-10-15,1.17250
1987-10-22,1.97000
1987-10-29,2.44000
1987-11-05,2.10200
1987-11-12,2.00750
1987-11-19,1.82000
1987-11-26,1.73500
1987-12-03,1.53800
1987-12-10,1.52400
1987-12-17,1.53400
1987-12-24,1.81600
1987-12-31,1.77750
1988-01-07,
1988-01-14,1.58600
1988-01-21,1.93250
1988-01-28,1.90200
1988-02-04,1.93000
1988-02-11,1.79200
1988-02-18,1.54250
1988-02-25,1.70400
1988-03-03,1.72200
1988-03-10,1.53400
1988-03-17,1.65200
1988-03-24,1.45600
1988-03-31,1.44000
1988-04-07,1.41000
1988-04-14,1.60800
1988-04-21,1.38800
1988-04-28,1.49600
1988-05-05,1.37600
1988-05-12,1.28000
1988-05-19,1.30000
1988-05-26,1.30400
1988-06-02,1.44500
1988-06-09,1.61200
1988-06-16,1.68600
1988-06-23,1.38000
1988-06-30,1.52800
1988-07-07,1.52750
1988-07-14,1.30400
1988-07-21,1.32000
1988-07-28,1.34600
1988-08-04,1.44600
1988-08-11,1.22200
1988-08-18,1.20800
1988-08-25,1.35200
1988-09-01,1.38000
1988-09-08,1.65750
1988-09-15,1.60400
1988-09-22,1.45000
1988-09-29,1.39000
1988-10-06,1.55600
1988-10-13,1.59750
1988-10-20,1.53200
1988-10-27,1.48000
1988-11-03,1.53200
1988-11-10,1.22400
1988-11-17,1.26750
1988-11-24,1.24500
1988-12-01,1.28400
1988-12-08,1.38400
1988-12-15,1.32400
1988-12-22,1.60200
1988-12-29,1.53750
1989-01-05,1.55500
1989-01-12,1.58000
1989-01-19,1.78250
1989-01-26,1.72200
1989-02-02,1.61400
1989-02-09,1.53800
1989-02-16,1.35000
1989-02-23,1.42250
1989-03-02,1.43400
1989-03-09,1.65000
1989-03-16,1.53600
1989-03-23,1.49400
1989-03-30,1.83250
1989-04-06,1.98000
1989-04-13,1.78200
1989-04-20,1.96600
1989-04-27,1.87400
1989-05-04,1.95800
1989-05-11,1.88200
1989-05-18,2.12400
1989-05-25,2.05200
1989-06-01,1.87250
1989-06-08,2.14200
1989-06-15,1.98200
1989-06-22,1.68400
1989-06-29,2.02400
1989-07-06,1.97500
1989-07-13,2.02800
1989-07-20,1.75600
1989-07-27,1.85600
1989-08-03,2.01200
1989-08-10,1.66000
1989-08-17,1.79200
1989-08-24,1.87200
1989-08-31,1.95800
1989-09-07,2.04000
1989-09-14,2.02800
1989-09-21,1.92400
1989-09-28,1.74200
1989-10-05,1.92200
1989-10-12,2.05750
1989-10-19,1.98600
1989-10-26,2.01800
1989-11-02,1.90800
1989-11-09,1.89400
1989-11-16,1.92600
1989-11-23,1.87000
1989-11-30,1.89400
1989-12-07,1.90400
1989-12-14,1.94000
1989-12-21,1.97200
1989-12-28,1.78500
1990-01-04,1.82000
1990-01-11,1.81000
1990-01-18,1.59750
1990-01-25,1.58200
1990-02-01,1.58000
1990-02-08,1.64800
1990-02-15,1.84000
1990-02-22,1.55000
1990-03-01,1.81000
1990-03-08,1.64400
1990-03-15,1.62600
1990-03-22,1.78000
1990-03-29,1.72800
1990-04-05,1.61000
1990-04-12,1.65600
1990-04-19,1.45500
1990-04-26,1.40800
1990-05-03,1.49800
1990-05-10,1.82000
1990-05-17,1.88600
1990-05-24,1.69400
1990-05-31,1.68750
1990-06-07,1.83600
1990-06-14,1.66000
1990-06-21,1.61200
1990-06-28,1.63200
1990-07-05,1.73000
1990-07-12,1.51600
1990-07-19,1.64200
1990-07-26,1.49600
1990-08-02,1.61600
1990-08-09,1.17000
1990-08-16,1.39000
1990-08-23,1.17800
1990-08-30,1.37200
1990-09-06,1.37500
1990-09-13,1.36400
1990-09-20,1.23800
1990-09-27,1.16800
1990-10-04,1.50000
1990-10-11,1.25750
1990-10-18,1.44000
1990-10-25,1.60400
1990-11-01,1.52000
1990-11-08,1.58200
1990-11-15,1.69250
1990-11-22,1.71250
1990-11-29,1.64000
1990-12-06,1.69600
1990-12-13,1.84200
1990-12-20,1.53800
1990-12-27,1.49750
1991-01-03,1.65000
1991-01-10,1.41600
1991-01-17,1.44200
1991-01-24,1.71500
1991-01-31,1.56400
1991-02-07,1.71000
1991-02-14,1.57800
1991-02-21,1.42500
1991-02-28,1.33400
1991-03-07,1.30000
1991-03-14,1.42600
1991-03-21,1.32800
1991-03-28,1.48600
1991-04-04,1.48250
1991-04-11,1.45200
1991-04-18,1.50600
1991-04-25,1.37000
1991-05-02,1.50400
1991-05-09,1.42800
1991-05-16,1.35400
1991-05-23,1.42000
1991-05-30,1.40500
1991-06-06,1.29800
1991-06-13,1.16600
1991-06-20,1.35200
1991-06-27,1.32400
1991-07-04,1.41250
1991-07-11,1.28200
1991-07-18,1.36000
1991-07-25,1.27800
1991-08-01,1.29800
1991-08-08,1.44400
1991-08-15,1.37000
1991-08-22,1.37800
1991-08-29,1.32200
1991-09-05,1.33250
1991-09-12,1.41400
1991-09-19,1.39200
1991-09-26,1.38600
1991-10-03,1.45000
1991-10-10,1.40800
1991-10-17,1.33250
1991-10-24,1.18800
1991-10-31,1.35200
1991-11-07,1.28400
1991-11-14,1.37500
1991-11-21,1.33000
1991-11-28,1.19750
1991-12-05,1.42800
1991-12-12,1.40000
1991-12-19,1.34800
1991-12-26,1.59500
1992-01-02,1.58250
1992-01-09,1.44200
1992-01-16,1.23400
1992-01-23,1.34750
1992-01-30,1.31800
1992-02-06,1.40600
1992-02-13,1.40200
1992-02-20,1.30250
1992-02-27,1.41200
1992-03-05,1.42600
1992-03-12,1.35800
1992-03-19,1.23800
1992-03-26,1.45200
1992-04-02,1.47000
1992-04-09,1.55400
1992-04-16,1.46600
1992-04-23,1.17750
1992-04-30,1.26400
1992-05-07,1.31000
1992-05-14,1.38000
1992-05-21,1.36000
1992-05-28,1.12750
1992-06-04,1.25000
1992-06-11,1.26400
1992-06-18,1.29400
1992-06-25,1.26600
1992-07-02,1.34200
1992-07-09,1.39250
1992-07-16,1.20200
1992-07-23,1.23800
1992-07-30,1.41200
1992-08-06,1.37200
1992-08-13,1.53600
1992-08-20,1.46000
1992-08-27,1.21800
1992-09-03,1.43200
1992-09-10,1.61250
1992-09-17,1.46000
1992-09-24,1.48500
1992-10-01,
1992-10-08,1.59600
1992-10-15,1.49250
1992-10-22,1.32200
1992-10-29,1.44800
1992-11-05,1.34800
1992-11-12,1.37250
1992-11-19,1.48600
1992-11-26,1.48000
1992-12-03,1.35800
1992-12-10,1.56400
1992-12-17,1.43000
1992-12-24,1.49200
1992-12-31,1.43750
1993-01-07,
1993-01-14,1.36200
1993-01-21,1.44000
1993-01-28,1.50600
1993-02-04,1.44600
1993-02-11,1.42600
1993-02-18,1.46500
1993-02-25,1.61000
1993-03-04,1.60400
1993-03-11,1.52200
1993-03-18,1.41200
1993-03-25,1.62000
1993-04-01,1.44800
1993-04-08,1.44800
1993-04-15,1.66250
1993-04-22,1.58200
1993-04-29,1.40600
1993-05-06,1.48000
1993-05-13,1.48400
1993-05-20,1.33000
1993-05-27,1.37600
1993-06-03,1.42250
1993-06-10,1.38600
1993-06-17,1.52200
1993-06-24,1.46200
1993-07-01,1.53400
1993-07-08,1.44500
1993-07-15,1.44400
1993-07-22,1.38000
1993-07-29,1.29800
1993-08-05,1.40200
1993-08-12,1.40600
1993-08-19,1.48400
1993-08-26,1.56400
1993-09-02,1.52200
1993-09-09,1.65000
1993-09-16,1.48400
1993-09-23,1.53200
1993-09-30,1.60000
1993-10-07,1.54800
1993-10-14,1.61250
1993-10-21,1.54200
1993-10-28,1.30600
1993-11-04,1.26800
1993-11-11,1.40750
1993-11-18,1.44400
1993-11-25,1.23250
1993-12-02,1.51000
1993-12-09,1.52600
1993-12-16,1.34000
1993-12-23,1.38000
1993-12-30,1.42000
1994-01-06,1.25600
1994-01-13,1.56000
1994-01-20,1.24250
1994-01-27,1.30000
1994-02-03,1.22400
1994-02-10,1.02200
1994-02-17,1.30000
1994-02-24,0.98750
1994-03-03,1.06200
1994-03-10,1.12200
1994-03-17,1.18400
1994-03-24,1.26000
1994-03-31,1.10000
1994-04-07,1.06000
1994-04-14,1.54400
1994-04-21,1.22600
1994-04-28,1.56750
1994-05-05,1.21400
1994-05-12,1.14400
1994-05-19,1.66000
1994-05-26,1.43800
1994-06-02,1.41000
1994-06-09,1.59400
1994-06-16,1.19600
1994-06-23,1.18000
1994-06-30,1.21200
1994-07-07,1.25250
1994-07-14,1.28400
1994-07-21,1.49600
1994-07-28,1.23600
1994-08-04,1.45600
1994-08-11,1.07000
1994-08-18,1.33200
1994-08-25,1.26600
1994-09-01,1.34800
1994-09-08,1.21250
1994-09-15,1.09000
1994-09-22,1.12800
1994-09-29,1.13800
1994-10-06,1.11400
1994-10-13,1.22000
1994-10-20,1.26000
1994-10-27,0.98800
1994-11-03,1.13800
1994-11-10,1.04600
1994-11-17,1.22500
1994-11-24,1.22750
1994-12-01,1.35800
1994-12-08,1.43600
1994-12-15,1.33800
1994-12-22,1.43600
1994-12-29,1.37250
1995-01-05,1.32500
1995-01-12,1.38200
1995-01-19,1.48000
1995-01-26,1.23600
1995-02-02,1.48000
1995-02-09,1.41000
1995-02-16,1.28200
1995-02-23,1.45250
1995-03-02,1.46600
1995-03-09,1.15600
1995-03-16,1.49000
1995-03-23,1.21600
1995-03-30,1.27200
1995-04-06,1.24600
1995-04-13,1.32800
1995-04-20,1.33000
1995-04-27,1.22400
1995-05-04,1.25800
1995-05-11,1.60200
1995-05-18,1.27000
1995-05-25,1.30200
1995-06-01,1.55000
1995-06-08,1.57400
1995-06-15,1.26200
1995-06-22,1.41600
1995-06-29,1.39000
1995-07-06,1.36500
1995-07-13,1.55800
1995-07-20,1.11400
1995-07-27,1.13400
1995-08-03,1.30800
1995-08-10,1.33400
1995-08-17,1.22800
1995-08-24,1.38400
1995-08-31,1.54200
1995-09-07,1.56500
1995-09-14,1.45000
1995-09-21,1.45400
1995-09-28,1.29600
1995-10-05,1.49400
1995-10-12,1.49750
1995-10-19,1.52400
1995-10-26,1.34200
1995-11-02,1.44600
1995-11-09,1.44900
1995-11-16,
1995-11-23,1.42500
1995-11-30,1.49400
1995-12-07,1.65400
1995-12-14,1.45200
1995-12-21,1.36200
1995-12-28,1.55750
1996-01-04,1.50750
1996-01-11,1.29000
1996-01-18,1.45000
1996-01-25,1.39400
1996-02-01,1.36000
1996-02-08,1.34800
1996-02-15,1.38600
1996-02-22,1.02250
1996-02-29,1.26400
1996-03-07,1.41200
1996-03-14,1.01800
1996-03-21,1.44600
1996-03-28,1.49400
1996-04-04,1.39000
1996-04-11,1.16600
1996-04-18,1.53600
1996-04-25,1.41800
1996-05-02,1.25600
1996-05-09,1.14000
1996-05-16,1.54400
1996-05-23,1.43400
1996-05-30,1.29250
1996-06-06,1.19800
1996-06-13,1.31400
1996-06-20,1.44600
1996-06-27,1.39000
1996-07-04,1.52750
1996-07-11,1.14800
1996-07-18,1.59400
1996-07-25,1.39800
1996-08-01,1.36600
1996-08-08,1.69200
1996-08-15,1.32800
1996-08-22,1.28600
1996-08-29,1.14000
1996-09-05,1.14000
1996-09-12,1.42000
1996-09-19,1.48400
1996-09-26,1.37600
1996-10-03,1.50600
1996-10-10,1.52000
1996-10-17,1.31250
1996-10-24,1.33800
1996-10-31,1.40600
1996-11-07,1.46400
1996-11-14,1.46250
1996-11-21,1.42000
1996-11-28,1.39250
1996-12-05,1.41400
1996-12-12,1.14400
1996-12-19,1.17800
1996-12-26,1.39000
1997-01-02,1.24500
1997-01-09,1.12000
1997-01-16,1.27200
1997-01-23,1.31000
1997-01-30,1.20800
1997-02-06,1.39800
1997-02-13,1.34000
1997-02-20,1.34000
1997-02-27,1.10200
1997-03-06,1.05800
1997-03-13,1.23600
1997-03-20,1.11200
1997-03-27,1.15800
1997-04-03,1.08000
1997-04-10,1.27600
1997-04-17,1.23000
1997-04-24,1.28600
1997-05-01,1.27200
1997-05-08,1.31000
1997-05-15,1.26400
1997-05-22,1.18800
1997-05-29,1.15000
1997-06-05,1.30000
1997-06-12,1.31600
1997-06-19,1.30800
1997-06-26,1.18200
1997-07-03,1.15000
1997-07-10,1.35750
1997-07-17,1.24200
1997-07-24,1.27800
1997-07-31,1.32600
1997-08-07,1.13800
1997-08-14,1.10800
1997-08-21,1.29400
1997-08-28,1.09400
1997-09-04,1.25250
1997-09-11,1.17000
1997-09-18,1.35200
1997-09-25,1.29600
1997-10-02,1.21000
1997-10-09,1.29400
1997-10-16,1.15750
1997-10-23,1.21600
1997-10-30,1.42000
1997-11-06,1.30000
1997-11-13,1.34750
1997-11-20,1.38600
1997-11-27,1.33250
1997-12-04,1.32000
1997-12-11,1.24000
1997-12-18,1.39800
1997-12-25,1.33750
1998-01-01,1.22500
1998-01-08,1.48600
1998-01-15,1.51400
1998-01-22,1.33750
1998-01-29,1.33000
1998-02-05,1.55000
1998-02-12,1.43800
1998-02-19,1.57750
1998-02-26,1.37200
1998-03-05,1.36000
1998-03-12,1.53800
1998-03-19,1.59200
1998-03-26,1.47200
1998-04-02,1.43000
1998-04-09,1.61400
1998-04-16,1.47000
1998-04-23,1.51200
1998-04-30,1.39800
1998-05-07,1.54400
1998-05-14,1.43800
1998-05-21,1.54400
1998-05-28,1.50750
1998-06-04,1.50800
1998-06-11,1.51000
1998-06-18,1.58000
1998-06-25,1.48000
1998-07-02,1.51400
1998-07-09,1.56750
1998-07-16,1.44000
1998-07-23,1.47000
1998-07-30,1.47200
1998-08-06,1.51800
1998-08-13,1.53600
1998-08-20,1.50800
1998-08-27,1.67000
1998-09-03,1.85600
1998-09-10,1.87750
1998-09-17,1.91000
1998-09-24,1.97000
1998-10-01,2.12600
1998-10-08,2.27800
1998-10-15,1.82500
1998-10-22,2.36200
1998-10-29,2.09000
1998-11-05,2.06200
1998-11-12,2.04250
1998-11-19,2.08200
1998-11-26,2.02500
1998-12-03,2.10200
1998-12-10,2.11000
1998-12-17,2.09600
1998-12-24,1.97200
1998-12-31,2.10250
1999-01-07,
1999-01-14,2.00000
1999-01-21,2.12250
1999-01-28,2.11000
1999-02-04,1.95600
1999-02-11,1.82600
1999-02-18,1.74250
1999-02-25,1.68000
1999-03-04,1.52200
1999-03-11,1.81600
1999-03-18,1.97600
1999-03-25,1.81800
1999-04-01,1.73600
1999-04-08,1.84000
1999-04-15,1.81200
1999-04-22,1.67200
1999-04-29,1.64000
1999-05-06,1.51400
1999-05-13,1.50200
1999-05-20,1.46800
1999-05-27,1.69400
1999-06-03,1.47500
1999-06-10,1.56000
1999-06-17,1.56800
1999-06-24,1.70400
1999-07-01,1.71600
1999-07-08,1.84250
1999-07-15,1.90000
1999-07-22,1.89400
1999-07-29,1.67800
1999-08-05,1.77400
1999-08-12,1.80200
1999-08-19,2.22400
1999-08-26,2.11000
1999-09-02,1.84000
1999-09-09,1.89500
1999-09-16,1.95800
1999-09-23,1.91800
1999-09-30,1.89200
1999-10-07,1.68800
1999-10-14,1.72000
1999-10-21,1.69400
1999-10-28,1.73400
1999-11-04,1.94400
1999-11-11,1.88000
1999-11-18,1.68200
1999-11-25,1.60750
1999-12-02,1.55800
1999-12-09,1.69400
1999-12-16,1.64600
1999-12-23,1.49200
1999-12-30,1.55500
2000-01-06,1.51800
2000-01-13,1.52800
2000-01-20,1.44000
2000-01-27,1.55000
2000-02-03,1.64000
2000-02-10,1.65200
2000-02-17,1.78200
2000-02-24,1.96750
2000-03-02,1.92200
2000-03-09,1.88400
2000-03-16,1.90800
2000-03-23,2.09600
2000-03-30,2.06600
2000-04-06,2.27800
2000-04-13,2.30800
2000-04-20,2.14200
2000-04-27,2.03250
2000-05-04,1.79000
2000-05-11,1.77800
2000-05-18,2.03000
2000-05-25,2.18800
2000-06-01,2.32000
2000-06-08,2.40600
2000-06-15,2.23200
2000-06-22,2.17000
2000-06-29,2.03000
2000-07-06,2.20250
2000-07-13,2.11800
2000-07-20,1.97000
2000-07-27,2.18000
2000-08-03,2.12800
2000-08-10,2.24400
2000-08-17,2.23600
2000-08-24,2.19800
2000-08-31,2.21800
2000-09-07,2.24750
2000-09-14,2.17800
2000-09-21,2.00600
2000-09-28,2.07000
2000-10-05,2.02600
2000-10-12,2.05000
2000-10-19,2.14600
2000-10-26,2.18600
2000-11-02,1.93800
2000-11-09,1.87800
2000-11-16,2.04000
2000-11-23,2.06000
2000-11-30,2.15200
2000-12-07,2.22600
2000-12-14,2.22000
2000-12-21,2.28600
2000-12-28,2.09500
2001-01-04,2.07750
2001-01-11,2.05200
2001-01-18,1.69000
2001-01-25,1.74800
2001-02-01,1.92200
2001-02-08,1.93600
2001-02-15,1.88600
2001-02-22,1.88250
2001-03-01,2.14000
2001-03-08,2.08400
2001-03-15,2.07600
2001-03-22,2.18400
2001-03-29,1.97000
2001-04-05,1.95600
2001-04-12,1.97000
2001-04-19,1.81500
2001-04-26,1.90200
2001-05-03,1.81600
2001-05-10,1.90600
2001-05-17,1.61800
2001-05-24,1.70600
2001-05-31,1.69250
2001-06-07,1.91400
2001-06-14,1.89800
2001-06-21,1.88800
2001-06-28,1.88000
2001-07-05,1.70000
2001-07-12,1.85400
2001-07-19,2.02000
2001-07-26,1.92000
2001-08-02,1.91200
2001-08-09,1.87600
2001-08-16,2.02400
2001-08-23,2.03600
2001-08-30,2.05200
2001-09-06,2.00250
2001-09-13,2.13000
2001-09-20,2.18800
2001-09-27,2.12400
2001-10-04,2.17800
2001-10-11,2.03000
2001-10-18,1.96800
2001-10-25,1.99200
2001-11-01,2.23800
2001-11-08,2.25600
2001-11-15,1.93000
2001-11-22,1.61750
2001-11-29,1.78200
2001-12-06,2.18200
2001-12-13,1.71000
2001-12-20,1.92600
2001-12-27,2.00750
2002-01-03,2.01500
2002-01-10,2.04600
2002-01-17,2.14600
2002-01-24,1.82500
2002-01-31,1.89400
2002-02-07,2.07400
2002-02-14,1.93200
2002-02-21,1.98500
2002-02-28,1.94000
2002-03-07,1.74000
2002-03-14,1.53800
2002-03-21,1.72200
2002-03-28,1.75400
2002-04-04,1.83500
2002-04-11,1.90000
2002-04-18,1.79000
2002-04-25,1.78200
2002-05-02,1.77400
2002-05-09,1.63800
2002-05-16,1.55400
2002-05-23,1.70000
2002-05-30,1.68750
2002-06-06,1.70000
2002-06-13,1.68800
2002-06-20,1.86800
2002-06-27,1.80400
2002-07-04,1.73500
2002-07-11,1.80200
2002-07-18,1.85800
2002-07-25,1.98800
2002-08-01,1.80400
2002-08-08,2.07200
2002-08-15,2.14200
2002-08-22,1.96400
2002-08-29,2.04200
2002-09-05,2.22250
2002-09-12,2.12000
2002-09-19,2.31200
2002-09-26,2.30200
2002-10-03,2.30000
2002-10-10,2.35600
2002-10-17,1.95000
2002-10-24,1.93600
2002-10-31,2.28800
2002-11-07,2.10000
2002-11-14,2.22000
2002-11-21,1.88400
2002-11-28,1.85250
2002-12-05,1.93200
2002-12-12,2.14400
2002-12-19,1.96600
2002-12-26,2.07250
2003-01-02,2.04250
2003-01-09,1.77600
2003-01-16,1.82800
2003-01-23,1.97250
2003-01-30,1.91400
2003-02-06,1.90800
2003-02-13,1.93000
2003-02-20,1.95500
2003-02-27,2.01800
2003-03-06,2.12200
2003-03-13,2.03800
2003-03-20,1.72200
2003-03-27,1.79600
2003-04-03,2.01800
2003-04-10,1.82600
2003-04-17,1.85800
2003-04-24,1.83000
2003-05-01,1.87800
2003-05-08,1.87600
2003-05-15,2.01600
2003-05-22,2.04400
2003-05-29,1.95750
2003-06-05,1.95400
2003-06-12,2.01000
2003-06-19,1.95000
2003-06-26,1.82200
2003-07-03,1.65800
2003-07-10,1.67000
2003-07-17,1.66200
2003-07-24,1.53400
2003-07-31,1.58400
2003-08-07,1.76400
2003-08-14,1.91000
2003-08-21,1.76000
2003-08-28,1.78600
2003-09-04,1.77500
2003-09-11,2.08800
2003-09-18,1.91400
2003-09-25,1.82000
2003-10-02,1.96400
2003-10-09,1.52200
2003-10-16,1.56000
2003-10-23,1.68400
2003-10-30,1.76200
2003-11-06,1.56200
2003-11-13,1.55250
2003-11-20,1.83600
2003-11-27,1.62500
2003-12-04,1.50800
2003-12-11,1.73800
2003-12-18,1.65400
2003-12-25,1.61750
2004-01-01,1.58750
2004-01-08,1.54600
2004-01-15,1.60600
2004-01-22,1.60000
2004-01-29,1.52000
2004-02-05,1.55600
2004-02-12,1.56200
2004-02-19,1.53000
2004-02-26,1.52800
2004-03-04,1.56000
2004-03-11,1.64200
2004-03-18,1.63400
2004-03-25,1.65000
2004-04-01,1.63200
2004-04-08,1.59400
2004-04-15,1.53500
2004-04-22,1.53200
2004-04-29,1.52600
2004-05-06,1.54800
2004-05-13,1.52600
2004-05-20,1.55200
2004-05-27,1.61800
2004-06-03,1.57500
2004-06-10,1.50600
2004-06-17,1.56250
2004-06-24,1.54800
2004-07-01,1.54800
2004-07-08,1.52000
2004-07-15,1.51000
2004-07-22,1.53800
2004-07-29,1.52600
2004-08-05,1.52800
2004-08-12,1.56800
2004-08-19,1.58200
2004-08-26,1.56400
2004-09-02,1.59400
2004-09-09,1.59000
2004-09-16,1.59800
2004-09-23,1.64400
2004-09-30,1.65800
2004-10-07,1.60600
2004-10-14,1.64250
2004-10-21,1.64400
2004-10-28,1.60000
2004-11-04,1.61000
2004-11-11,1.53500
2004-11-18,1.56600
2004-11-25,1.52750
2004-12-02,1.46600
2004-12-09,1.49600
2004-12-16,1.53200
2004-12-23,1.54200
2004-12-30,1.50750
2005-01-06,1.50200
2005-01-13,1.48200
2005-01-20,1.46750
2005-01-27,1.47400
2005-02-03,1.47400
2005-02-10,1.51400
2005-02-17,1.49400
2005-02-24,1.41000
2005-03-03,1.43400
2005-03-10,1.44800
2005-03-17,1.42800
2005-03-24,1.43400
2005-03-31,1.46500
2005-04-07,1.46200
2005-04-14,1.49400
2005-04-21,1.54200
2005-04-28,1.53200
2005-05-05,1.54600
2005-05-12,1.53200
2005-05-19,1.60000
2005-05-26,1.57000
2005-06-02,1.65000
2005-06-09,1.60200
2005-06-16,1.53400
2005-06-23,1.53600
2005-06-30,1.58600
2005-07-07,1.54500
2005-07-14,1.51400
2005-07-21,1.52000
2005-07-28,1.53200
2005-08-04,1.50800
2005-08-11,1.50000
2005-08-18,1.55400
2005-08-25,1.57000
2005-09-01,1.59000
2005-09-08,1.60500
2005-09-15,1.57000
2005-09-22,1.57000
2005-09-29,1.63000
2005-10-06,1.61200
2005-10-13,1.61250
2005-10-20,1.62000
2005-10-27,1.64000
2005-11-03,1.71200
2005-11-10,1.74600
2005-11-17,1.84000
2005-11-24,1.81500
2005-12-01,1.79400
2005-12-08,1.80600
2005-12-15,1.78800
2005-12-22,1.80000
2005-12-29,1.85250
2006-01-05,1.84000
2006-01-12,1.73600
2006-01-19,1.74500
2006-01-26,1.69000
2006-02-02,1.68400
2006-02-09,1.68800
2006-02-16,1.68200
2006-02-23,1.71000
2006-03-02,1.65000
2006-03-09,1.64400
2006-03-16,1.61600
2006-03-23,1.62400
2006-03-30,1.58400
2006-04-06,1.56000
2006-04-13,1.51000
2006-04-20,1.51000
2006-04-27,1.52400
2006-05-04,1.46200
2006-05-11,1.45200
2006-05-18,1.46400
2006-05-25,1.56800
2006-06-01,1.57500
2006-06-08,1.61000
2006-06-15,1.61200
2006-06-22,1.55400
2006-06-29,1.54800
2006-07-06,1.61000
2006-07-13,1.63000
2006-07-20,1.72800
2006-07-27,1.66400
2006-08-03,1.65000
2006-08-10,1.62600
2006-08-17,1.59200
2006-08-24,1.65800
2006-08-31,1.66400
2006-09-07,1.69250
2006-09-14,1.64600
2006-09-21,1.65400
2006-09-28,1.71400
2006-10-05,1.68800
2006-10-12,1.61500
2006-10-19,1.57200
2006-10-26,1.60800
2006-11-02,1.68200
2006-11-09,1.66000
2006-11-16,1.63200
2006-11-23,1.59000
2006-11-30,1.62400
2006-12-07,1.65400
2006-12-14,1.57000
2006-12-21,1.54000
2006-12-28,1.53000
2007-01-04,1.51000
2007-01-11,1.53000
2007-01-18,1.46500
2007-01-25,1.44400
2007-02-01,1.47400
2007-02-08,1.50400
2007-02-15,1.53000
2007-02-22,1.52250
2007-03-01,1.59400
2007-03-08,1.62600
2007-03-15,1.59600
2007-03-22,1.59600
2007-03-29,1.54000
2007-04-05,1.50800
2007-04-12,1.47600
2007-04-19,1.46400
2007-04-26,1.49600
2007-05-03,1.49800
2007-05-10,1.50200
2007-05-17,1.50200
2007-05-24,1.54000
2007-05-31,1.54000
2007-06-07,1.54200
2007-06-14,1.55000
2007-06-21,1.55000
2007-06-28,1.56200
2007-07-05,1.57000
2007-07-12,1.61000
2007-07-19,1.67000
2007-07-26,1.77400
2007-08-02,1.89400
2007-08-09,1.82400
2007-08-16,1.89800
2007-08-23,1.88600
2007-08-30,1.88200
2007-09-06,1.93750
2007-09-13,1.91200
2007-09-20,1.80600
2007-09-27,1.79800
2007-10-04,1.81400
2007-10-11,1.74250
2007-10-18,1.77200
2007-10-25,1.93600
2007-11-01,1.85200
2007-11-08,1.90800
2007-11-15,2.00500
2007-11-22,2.13000
2007-11-29,2.14800
2007-12-06,2.02200
2007-12-13,2.01400
2007-12-20,2.00400
2007-12-27,1.94000
2008-01-03,2.07750
2008-01-10,2.00400
2008-01-17,1.94000
2008-01-24,1.88750
2008-01-31,2.00800
2008-02-07,2.01800
2008-02-14,2.02600
2008-02-21,2.20250
2008-02-28,2.41200
2008-03-06,2.42600
2008-03-13,2.59600
2008-03-20,2.47400
2008-03-27,2.31500
2008-04-03,2.34000
2008-04-10,2.34200
2008-04-17,2.26200
2008-04-24,2.25000
2008-05-01,2.22600
2008-05-08,2.17800
2008-05-15,2.17000
2008-05-22,2.14200
2008-05-29,2.10750
2008-06-05,2.09000
2008-06-12,2.24000
2008-06-19,2.19400
2008-06-26,2.32200
2008-07-03,2.35600
2008-07-10,2.48500
2008-07-17,2.30600
2008-07-24,2.52400
2008-07-31,2.45200
2008-08-07,2.52600
2008-08-14,2.58600
2008-08-21,2.64600
2008-08-28,2.59800
2008-09-04,2.62000
2008-09-11,2.28400
2008-09-18,2.25200
2008-09-25,2.26200
2008-10-02,2.35200
2008-10-09,2.30600
2008-10-16,2.46000
2008-10-23,2.25400
2008-10-30,2.58600
2008-11-06,2.34800
2008-11-13,2.33000
2008-11-20,2.55800
2008-11-27,2.80750
2008-12-04,2.82000
2008-12-11,2.78200
2008-12-18,2.83400
2008-12-25,2.97250
2009-01-01,2.93750
2009-01-08,2.52000
2009-01-15,2.64600
2009-01-22,2.63500
2009-01-29,2.39600
2009-02-05,2.36600
2009-02-12,2.25000
2009-02-19,2.26000
2009-02-26,2.21200
2009-03-05,2.21000
2009-03-12,2.12000
2009-03-19,2.18000
2009-03-26,2.13400
2009-04-02,2.04600
2009-04-09,1.94800
2009-04-16,1.98000
2009-04-23,1.85200
2009-04-30,1.71800
2009-05-07,1.62600
2009-05-14,1.69200
2009-05-21,1.59000
2009-05-28,1.32750
2009-06-04,1.66800
2009-06-11,1.69600
2009-06-18,1.62400
2009-06-25,1.73400
2009-07-02,1.79600
2009-07-09,1.76000
2009-07-16,1.65600
2009-07-23,1.58400
2009-07-30,1.54400
2009-08-06,1.52600
2009-08-13,1.54800
2009-08-20,1.63800
2009-08-27,1.66000
2009-09-03,1.70800
2009-09-10,1.63000
2009-09-17,1.61400
2009-09-24,1.58400
2009-10-01,1.64400
2009-10-08,1.62400
2009-10-15,1.50000
2009-10-22,1.59000
2009-10-29,1.51800
2009-11-05,1.48000
2009-11-12,1.40750
2009-11-19,1.47000
2009-11-26,1.44750
2009-12-03,1.42800
2009-12-10,1.35800
2009-12-17,1.37600
2009-12-24,1.33200
2009-12-31,1.31000
2010-01-07,1.26000
2010-01-14,1.26400
2010-01-21,1.30750
2010-01-28,1.32600
2010-02-04,1.34400
2010-02-11,1.30400
2010-02-18,1.21000
2010-02-25,1.32800
2010-03-04,1.35400
2010-03-11,1.23400
2010-03-18,1.27800
2010-03-25,1.22800
2010-04-01,1.21000
2010-04-08,1.26000
2010-04-15,1.20000
2010-04-22,1.26800
2010-04-29,1.27200
2010-05-06,1.39400
2010-05-13,1.39200
2010-05-20,1.46000
2010-05-27,1.54800
2010-06-03,1.45500
2010-06-10,1.50400
2010-06-17,1.48600
2010-06-24,1.50000
2010-07-01,1.56600
2010-07-08,1.57250
2010-07-15,1.49600
2010-07-22,1.60200
2010-07-29,1.50200
2010-08-05,1.53200
2010-08-12,1.64600
2010-08-19,1.79600
2010-08-26,1.80800
2010-09-02,1.74400
2010-09-09,1.66000
2010-09-16,1.62200
2010-09-23,1.73000
2010-09-30,1.78200
2010-10-07,1.79800
2010-10-14,1.73250
2010-10-21,1.67200
2010-10-28,1.57200
2010-11-04,1.61600
2010-11-11,1.53250
2010-11-18,1.52600
2010-11-25,1.55500
2010-12-02,1.56000
2010-12-09,1.48600
2010-12-16,1.41000
2010-12-23,1.44800
2010-12-30,1.46250
2011-01-06,1.37800
2011-01-13,1.35600
2011-01-20,1.34500
2011-01-27,1.38200
2011-02-03,1.33800
2011-02-10,1.35800
2011-02-17,1.38600
2011-02-24,1.45000
2011-03-03,1.41200
2011-03-10,1.39800
2011-03-17,1.44800
2011-03-24,1.46200
2011-03-31,1.38600
2011-04-07,1.36000
2011-04-14,1.37000
2011-04-21,1.38600
2011-04-28,1.41500
2011-05-05,1.44200
2011-05-12,1.43000
2011-05-19,1.45000
2011-05-26,1.48000
2011-06-02,1.52000
2011-06-09,1.49000
2011-06-16,1.49800
2011-06-23,1.53200
2011-06-30,1.47000
2011-07-07,1.43250
2011-07-14,1.55200
2011-07-21,1.56400
2011-07-28,1.55000
2011-08-04,1.71800
2011-08-11,1.98200
2011-08-18,1.94800
2011-08-25,2.05200
2011-09-01,2.01200
2011-09-08,2.10750
2011-09-15,2.09200
2011-09-22,2.17000
2011-09-29,2.05600
2011-10-06,2.04800
2011-10-13,1.94250
2011-10-20,1.90800
2011-10-27,1.84600
2011-11-03,1.87200
2011-11-10,1.94200
2011-11-17,1.98250
2011-11-24,2.02750
2011-12-01,1.97400
2011-12-08,1.95400
2011-12-15,1.96000
2011-12-22,1.99600
2011-12-29,1.97750
2012-01-05,1.94000
2012-01-12,1.92400
2012-01-19,1.95750
2012-01-26,1.94200
2012-02-02,1.99800
2012-02-09,1.88000
2012-02-16,1.91200
2012-02-23,1.93500
2012-03-01,1.93000
2012-03-08,1.88800
2012-03-15,1.76000
2012-03-22,1.74400
2012-03-29,1.77000
2012-04-05,1.74200
2012-04-12,1.82600
2012-04-19,1.89400
2012-04-26,1.89200
2012-05-03,1.87800
2012-05-10,1.93600
2012-05-17,2.02200
2012-05-24,2.03000
2012-05-31,2.07250
2012-06-07,2.09200
2012-06-14,2.07600
2012-06-21,2.03800
2012-06-28,2.01400
2012-07-05,1.98250
2012-07-12,2.02600
2012-07-19,2.00800
2012-07-26,2.03400
2012-08-02,2.01200
2012-08-09,1.94600
2012-08-16,1.88800
2012-08-23,1.89600
2012-08-30,1.93800
2012-09-06,1.94000
2012-09-13,1.83600
2012-09-20,1.66200
2012-09-27,1.69800
2012-10-04,1.70600
2012-10-11,1.66250
2012-10-18,1.60400
2012-10-25,1.59600
2012-11-01,1.64250
2012-11-08,1.69000
2012-11-15,1.74750
2012-11-22,1.67500
2012-11-29,1.67000
2012-12-06,1.72800
2012-12-13,1.64200
2012-12-20,1.57600
2012-12-27,1.58250
2013-01-03,1.51750
2013-01-10,1.49400
2013-01-17,1.50600
2013-01-24,1.55250
2013-01-31,1.51800
2013-02-07,1.51600
2013-02-14,1.52000
2013-02-21,1.54750
2013-02-28,1.60400
2013-03-07,1.60200
2013-03-14,1.58200
2013-03-21,1.58000
2013-03-28,1.66600
2013-04-04,1.70250
2013-04-11,1.64600
2013-04-18,1.67600
2013-04-25,1.66800
2013-05-02,1.66600
2013-05-09,1.61600
2013-05-16,1.59200
2013-05-23,1.60800
2013-05-30,1.70500
2013-06-06,1.78800
2013-06-13,1.77400
2013-06-20,1.67600
2013-06-27,1.91400
2013-07-04,1.78500
2013-07-11,1.84400
2013-07-18,1.80800
2013-07-25,1.76000
2013-08-01,1.75800
2013-08-08,1.76800
2013-08-15,1.72600
2013-08-22,1.71800
2013-08-29,1.73800
2013-09-05,1.69000
2013-09-12,1.64000
2013-09-19,1.68200
2013-09-26,1.63400
2013-10-03,1.58200
2013-10-10,1.55800
2013-10-17,1.59250
2013-10-24,1.56800
2013-10-31,1.55600
2013-11-07,1.50600
2013-11-14,1.59750
2013-11-21,1.48400
2013-11-28,1.55500
2013-12-05,1.64600
2013-12-12,1.56000
2013-12-19,1.58000
2013-12-26,1.52500
2014-01-02,1.51750
2014-01-09,1.52400
2014-01-16,1.53800
2014-01-23,1.55250
2014-01-30,1.57800
2014-02-06,1.56000
2014-02-13,1.54200
2014-02-20,1.59250
2014-02-27,1.67000
2014-03-06,1.60000
2014-03-13,1.62000
2014-03-20,1.60000
2014-03-27,1.67200
2014-04-03,1.64000
2014-04-10,1.64000
2014-04-17,1.61000
2014-04-24,1.61500
2014-05-01,1.61200
2014-05-08,1.59600
2014-05-15,1.61400
2014-05-22,1.60400
2014-05-29,1.63250
2014-06-05,1.57600
2014-06-12,1.58200
2014-06-19,1.54600
2014-06-26,1.55000
2014-07-03,1.53200
2014-07-10,1.56750
2014-07-17,1.59800
2014-07-24,1.63600
2014-07-31,1.60000
2014-08-07,1.65200
2014-08-14,1.68600
2014-08-21,1.70600
2014-08-28,1.72200
2014-09-04,1.69250
2014-09-11,1.61600
2014-09-18,1.61600
2014-09-25,1.64200
2014-10-02,1.70600
2014-10-09,1.73400
2014-10-16,1.76000
2014-10-23,1.68200
2014-10-30,1.67600
2014-11-06,1.65800
2014-11-13,1.65500
2014-11-20,1.65400
2014-11-27,1.69000
2014-12-04,1.64600
2014-12-11,1.69800
2014-12-18,1.67000
2014-12-25,1.61250
2015-01-01,1.66000
2015-01-08,1.70600
2015-01-15,1.77200
2015-01-22,1.77500
2015-01-29,1.86600
2015-02-05,1.83200
2015-02-12,1.70800
2015-02-19,1.67500
2015-02-26,1.76600
2015-03-05,1.66400
2015-03-12,1.70200
2015-03-19,1.74000
2015-03-26,1.75600
2015-04-02,1.77200
2015-04-09,1.75000
2015-04-16,1.74800
2015-04-23,1.72200
2015-04-30,1.68400
2015-05-07,1.62000
2015-05-14,1.60600
2015-05-21,1.62200
2015-05-28,1.71500
2015-06-04,1.61600
2015-06-11,1.61800
2015-06-18,1.65200
2015-06-25,1.65400
2015-07-02,1.68000
2015-07-09,1.76250
2015-07-16,1.69200
2015-07-23,1.70400
2015-07-30,1.71400
2015-08-06,1.69000
2015-08-13,1.76000
2015-08-20,1.77600
2015-08-27,1.73200
2015-09-03,1.70000
2015-09-10,1.70750
2015-09-17,1.67600
2015-09-24,1.70800
2015-10-01,1.76400
2015-10-08,1.69800
2015-10-15,1.76750
2015-10-22,1.74200
2015-10-29,1.66000
2015-11-05,1.65000
2015-11-12,1.64500
2015-11-19,1.70800
2015-11-26,1.70500
2015-12-03,1.71200
2015-12-10,1.70800
2015-12-17,1.73400
2015-12-24,1.73000
2015-12-31,1.72500
2016-01-07,1.76250
2016-01-14,1.80000
2016-01-21,1.78000
2016-01-28,1.76400
2016-02-04,1.81400
2016-02-11,1.91200
2016-02-18,1.88000
2016-02-25,1.87400
2016-03-03,1.84000
2016-03-10,1.79000
2016-03-17,1.77600
2016-03-24,1.80400
2016-03-31,1.88250
2016-04-07,1.83800
2016-04-14,1.81800
2016-04-21,1.77800
2016-04-28,1.77000
2016-05-05,1.79600
2016-05-12,1.80800
2016-05-19,1.79200
2016-05-26,1.79000
2016-06-02,1.82250
2016-06-09,1.89000
2016-06-16,1.93000
2016-06-23,1.87400
2016-06-30,1.98400
2016-07-07,2.00750
2016-07-14,1.95200
2016-07-21,1.86800
2016-07-28,1.92800
2016-08-04,1.91400
2016-08-11,1.89000
2016-08-18,1.88600
2016-08-25,1.86600
2016-09-01,1.87800
2016-09-08,1.86500
2016-09-15,1.80200
2016-09-22,1.80400
2016-09-29,1.84000
2016-10-06,1.74200
2016-10-13,1.71000
2016-10-20,1.75200
2016-10-27,1.68600
2016-11-03,1.70800
2016-11-10,1.62600
2016-11-17,1.69750
2016-11-24,1.69500
2016-12-01,1.72000
2016-12-08,1.74600
2016-12-15,1.64400
2016-12-22,1.73800
2016-12-29,1.79000
2017-01-05,1.76750
2017-01-12,1.73600
2017-01-19,1.68500
2017-01-26,1.71000
2017-02-02,1.71200
2017-02-09,1.76000
2017-02-16,1.69600
2017-02-23,1.74750
2017-03-02,1.70400
2017-03-09,1.67600
2017-03-16,1.73200
2017-03-23,1.78800
2017-03-30,1.73800
2017-04-06,1.74200
2017-04-13,1.76200
2017-04-20,1.74750
2017-04-27,1.73200
2017-05-04,1.70000
2017-05-11,1.65600
2017-05-18,1.73000
2017-05-25,1.69400
2017-06-01,1.72000
2017-06-08,1.72200
2017-06-15,1.72200
2017-06-22,1.73600
2017-06-29,1.68200
2017-07-06,1.62000
2017-07-13,1.66600
2017-07-20,1.67000
2017-07-27,1.63200
2017-08-03,1.65600
2017-08-10,1.64800
2017-08-17,1.67000
2017-08-24,1.67000
2017-08-31,1.67400
2017-09-07,1.68500
2017-09-14,1.62600
2017-09-21,1.58600
2017-09-28,1.56200
2017-10-05,1.51400
2017-10-12,1.56000
2017-10-19,1.57000
2017-10-26,1.52200
2017-11-02,1.56200
2017-11-09,1.57400
2017-11-16,1.57400
2017-11-23,1.57000
2017-11-30,1.54200
2017-12-07,1.58000
2017-12-14,1.55400
2017-12-21,1.50600
2017-12-28,1.54000
2018-01-04,1.51000
2018-01-11,1.47000
2018-01-18,1.47000
2018-01-25,1.50800
2018-02-01,1.50200
2018-02-08,1.50200
2018-02-15,1.51400
2018-02-22,1.49750
2018-03-01,1.56600
2018-03-08,1.58600
2018-03-15,1.59200
2018-03-22,1.58800
2018-03-29,1.64800
2018-04-05,1.61500
2018-04-12,1.62600
2018-04-19,1.61800
2018-04-26,1.58600
2018-05-03,1.59200
2018-05-10,1.58200
2018-05-17,1.56000
2018-05-24,1.62600
2018-05-31,1.71750
2018-06-07,1.61000
2018-06-14,1.66600
2018-06-21,1.65600
2018-06-28,1.68600
2018-07-05,1.67250
2018-07-12,1.68000
2018-07-19,1.66800
2018-07-26,1.59600
2018-08-02,1.62400
2018-08-09,1.63800
2018-08-16,1.65600
2018-08-23,1.67400
2018-08-30,1.66000
2018-09-06,1.65500
2018-09-13,1.64000
2018-09-20,1.61400
2018-09-27,1.64600
2018-10-04,1.60400
2018-10-11,1.70000
2018-10-18,1.68400
2018-10-25,1.69800
2018-11-01,1.71600
2018-11-08,1.72000
2018-11-15,1.80000
2018-11-22,1.74500
2018-11-29,1.75600
2018-12-06,1.80750
2018-12-13,1.74800
2018-12-20,1.79400
2018-12-27,1.77250
2019-01-03,1.85250
2019-01-10,1.73400
2019-01-17,1.72600
2019-01-24,1.69750
2019-01-31,1.74800
2019-02-07,1.71200
2019-02-14,1.70400
2019-02-21,1.68750
2019-02-28,1.67400
2019-03-07,1.70400
2019-03-14,1.68800
2019-03-21,1.70400
2019-03-28,1.64800
2019-04-04,1.59800
2019-04-11,1.61600
2019-04-18,1.59600
2019-04-25,1.64250
2019-05-02,1.61400
2019-05-09,1.61200
2019-05-16,1.65800
2019-05-23,1.67400
2019-05-30,1.72750
2019-06-06,1.70600
2019-06-13,1.69600
2019-06-20,1.78400
2019-06-27,1.70000
2019-07-04,1.75750
2019-07-11,1.67800
2019-07-18,1.72200
2019-07-25,1.68800
2019-08-01,1.72600
2019-08-08,1.84600
2019-08-15,1.96400
2019-08-22,1.96800
2019-08-29,2.07600
2019-09-05,1.98750
2019-09-12,1.87200
2019-09-19,1.90200
2019-09-26,1.93400
2019-10-03,2.01800
2019-10-10,1.99400
2019-10-17,1.93000
2019-10-24,1.97400
2019-10-31,1.98800
2019-11-07,1.86800
2019-11-14,1.86000
2019-11-21,1.87200
2019-11-28,1.92000
2019-12-05,1.90000
2019-12-12,1.88800
2019-12-19,1.84200
2019-12-26,1.82750
2020-01-02,1.82500
2020-01-09,1.80800
2020-01-16,1.83000
2020-01-23,1.81750
2020-01-30,1.88400
2020-02-06,1.85600
2020-02-13,1.87600
2020-02-20,1.93500
2020-02-27,2.09000
2020-03-05,2.25200
2020-03-12,2.61200
2020-03-19,2.65200
2020-03-26,2.65400
2020-04-02,2.65600
2020-04-09,2.62200
2020-04-16,2.62000
2020-04-23,2.71000
2020-04-30,2.59800
2020-05-07,2.60200
2020-05-14,2.60400
2020-05-21,2.55400
2020-05-28,2.46750
2020-06-04,2.46400
2020-06-11,2.40200
2020-06-18,2.40600
2020-06-25,2.43000
2020-07-02,2.40800
2020-07-09,2.37250
2020-07-16,2.34400
2020-07-23,2.39800
2020-07-30,2.40400
2020-08-06,2.33400
2020-08-13,2.32000
2020-08-20,2.31000
2020-08-27,2.22800
2020-09-03,2.24400
2020-09-10,2.16000
2020-09-17,2.18800
2020-09-24,2.21800
2020-10-01,2.20800
2020-10-08,2.10400
2020-10-15,2.06000
2020-10-22,1.99000
2020-10-29,1.99200
2020-11-05,1.93600
2020-11-12,1.92750
2020-11-19,1.83800
2020-11-26,1.85750
2020-12-03,1.81600
2020-12-10,1.77000
2020-12-17,1.75400
2020-12-24,1.71400
2020-12-31,1.73500
2021-01-07,1.64750
2021-01-14,1.65400
2021-01-21,1.66250
2021-01-28,1.66800
2021-02-04,1.60600
2021-02-11,1.55600
2021-02-18,1.54000
2021-02-25,1.57000
2021-03-04,1.55600
2021-03-11,1.49600
2021-03-18,1.44600
2021-03-25,1.50800
2021-04-01,1.46800
2021-04-08,1.44200
2021-04-15,1.40000
2021-04-22,1.38600
2021-04-29,1.36600
2021-05-06,1.34800
2021-05-13,1.29600
2021-05-20,1.35600
2021-05-27,1.35200
2021-06-03,1.38500
2021-06-10,1.43800
2021-06-17,1.41400
2021-06-24,1.53600
2021-07-01,1.49000
2021-07-08,1.54000
2021-07-15,1.51000
2021-07-22,1.52000
2021-07-29,1.52400
2021-08-05,1.56000
2021-08-12,1.52800
2021-08-19,1.59600
2021-08-26,1.57200
2021-09-02,1.57000
2021-09-09,1.54000
2021-09-16,1.53800
2021-09-23,1.53200
2021-09-30,1.49800
2021-10-07,1.46600
2021-10-14,1.48000
2021-10-21,1.45800
2021-10-28,1.53200
2021-11-04,1.52600
2021-11-11,1.48500
2021-11-18,1.49400
2021-11-25,1.48000
2021-12-02,1.65000
2021-12-09,1.64600
2021-12-16,1.67000
2021-12-23,1.59400
2021-12-30,1.60000
2022-01-06,1.57000
2022-01-13,1.70400
2022-01-20,1.73250
2022-01-27,1.76200
2022-02-03,1.75400
2022-02-10,1.73400
2022-02-17,1.93000
2022-02-24,1.93750
2022-03-03,1.91200
2022-03-10,1.99000
2022-03-17,2.02400
2022-03-24,2.12000
2022-03-31,2.26600
2022-04-07,2.19600
2022-04-14,2.24800
2022-04-21,2.22750
2022-04-28,2.27000
2022-05-05,2.30400
2022-05-12,2.31800
2022-05-19,2.34600
2022-05-26,2.32000
2022-06-02,2.22750
2022-06-09,2.22000
2022-06-16,2.44400
2022-06-23,2.60750
2022-06-30,2.57800
2022-07-07,2.39000
2022-07-14,2.52800
2022-07-21,2.57000
2022-07-28,2.53000
2022-08-04,2.30400
2022-08-11,2.41000
2022-08-18,2.28600
2022-08-25,2.51000
2022-09-01,2.52400
2022-09-08,2.61750
2022-09-15,2.62400
2022-09-22,2.74600
2022-09-29,2.89600
2022-10-06,2.91800
2022-10-13,2.99500
2022-10-20,2.85800
2022-10-27,2.96800
2022-11-03,2.86400
2022-11-10,2.98600
2022-11-17,2.83000
2022-11-24,2.80000
2022-12-01,2.82400
2022-12-08,2.82600
2022-12-15,2.78600
2022-12-22,2.65200
2022-12-29,2.59500
2023-01-05,2.71250
2023-01-12,2.79800
2023-01-19,2.70500
2023-01-26,2.64800
2023-02-02,2.61400
2023-02-09,2.49400
2023-02-16,2.54000
2023-02-23,2.60500
2023-03-02,2.67400
2023-03-09,2.76400
2023-03-16,3.00800
2023-03-23,2.95800
2023-03-30,2.80400
2023-04-06,2.90800
2023-04-13,2.85200
2023-04-20,2.82200
2023-04-27,2.94000
2023-05-04,2.94600
2023-05-11,2.88800
2023-05-18,2.84600
2023-05-25,2.83400
2023-06-01,3.10500
2023-06-08,2.99000
2023-06-15,2.91600
2023-06-22,2.91250
2023-06-29,2.95200
2023-07-06,2.89250
2023-07-13,3.02400
2023-07-20,2.97200
2023-07-27,2.91400
2023-08-03,2.84800
2023-08-10,2.91000
2023-08-17,2.86200
2023-08-24,2.95800
2023-08-31,3.02400
2023-09-07,2.86500
2023-09-14,2.90800
2023-09-21,2.81800
2023-09-28,2.76000
2023-10-05,2.78200
2023-10-12,2.89000
2023-10-19,2.81800
2023-10-26,2.90400
2023-11-02,2.95200
2023-11-09,2.91400
2023-11-16,2.90800
2023-11-23,2.86750
2023-11-30,2.85200
2023-12-07,2.84200
2023-12-14,2.82600
2023-12-21,2.76200
2023-12-28,2.75500
2024-01-04,2.68750
2024-01-11,2.64000
2024-01-18,2.53250
2024-01-25,2.54600
2024-02-01,2.60000
2024-02-08,2.53400
2024-02-15,2.53800
2024-02-22,2.59500
2024-02-29,2.66600
2024-03-07,2.73200
2024-03-14,2.57400
2024-03-21,2.57200
2024-03-28,2.56800
2024-04-04,2.48000
2024-04-11,2.42400
2024-04-18,2.49400
2024-04-25,2.53000
2024-05-02,2.58000
2024-05-09,2.61200
2024-05-16,2.58600
2024-05-23,2.50600
2024-05-30,2.49000
2024-06-06,2.62600
2024-06-13,2.58200
2024-06-20,2.63250
2024-06-27,2.59200
2024-07-04,2.54250
2024-07-11,2.62200
2024-07-18,2.58200
2024-07-25,2.51800
2024-08-01,2.61000
2024-08-08,2.58400
2024-08-15,2.60200
2024-08-22,2.61600
2024-08-29,2.51600
2024-09-05,2.53750
2024-09-12,2.52000
2024-09-19,2.41600
2024-09-26,2.32000
2024-10-03,2.33200
2024-10-10,2.28000
2024-10-17,2.38500
2024-10-24,2.35600
2024-10-31,2.44400
2024-11-07,2.45600
2024-11-14,2.38000
2024-11-21,2.42400
2024-11-28,2.50250
2024-12-05,2.49800
2024-12-12,2.37000
2024-12-19,2.26800
2024-12-26,2.28000
2025-01-02,2.33000
2025-01-09,2.28200
2025-01-16,2.31800
2025-01-23,2.35250
2025-01-30,2.39400
2025-02-06,2.38600
2025-02-13,2.33400
2025-02-20,2.33750
2025-02-27,2.42800
2025-03-06,2.39200
2025-03-13,2.36800
2025-03-20,2.39000
2025-03-27,2.32400
2025-04-03,2.45400
2025-04-10,2.38800
2025-04-17,2.46200
2025-04-24,2.42250
2025-05-01,2.53400
2025-05-08,2.43600
2025-05-15,2.35200
2025-05-22,2.36200
2025-05-29,2.43000
2025-06-05,2.43000
2025-06-12,2.39200
2025-06-19,2.40000
2025-06-26,2.45600
2025-07-03,2.38200
2025-07-10,2.34250
2025-07-17,2.29200
2025-07-24,2.34000
2025-07-31,2.33800
2025-08-07,2.40600
2025-08-14,2.30800
2025-08-21,2.26200
2025-08-28,2.30800
2025-09-04,2.27500
2025-09-11,2.29400
2025-09-18,2.19600
2025-09-25,2.15000
2025-10-02,2.19400
2025-10-09,2.15600
2025-10-16,2.24000
2025-10-23,2.19400
2025-10-30,2.12800
2025-11-06,2.09600
2025-11-13,2.13250
2025-11-20,2.13600
2025-11-27,2.20250
2025-12-04,2.11600
2025-12-11,2.06800
2025-12-18,2.05000
2025-12-25,2.01500
2026-01-01,2.00500
2026-01-08,1.98400
2026-01-15,1.88600
2026-01-22,1.82500
2026-01-29,1.86000
2026-02-05,1.84400
2026-02-12,1.91600
2026-02-19,1.94500
2026-02-26,1.93600
2026-03-05,1.94000
2026-03-12,1.93000
2026-03-19,1.97600
2026-03-26,2.00600
2026-04-02,2.11400
2026-04-09,2.05000
2026-04-16,2.00400
2026-04-23,1.93800
2026-04-30,1.93200
2026-05-07,1.96200
2026-05-14,1.92200
2026-05-21,1.90800
2026-05-28,2.03250
2026-06-04,2.01200
2026-06-11,1.99200
2026-06-18,2.00400
