observation_date,WM2NS_CSUSHPINSA
1987-01-01,0.02308
1987-02-01,0.02345
1987-03-01,0.02349
1987-04-01,0.02336
1987-05-01,0.02376
1987-06-01,0.02390
1987-07-01,0.02396
1987-08-01,0.02415
1987-09-01,0.02421
1987-10-01,0.02416
1987-11-01,0.02415
1987-12-01,0.02409
1988-01-01,0.02398
1988-02-01,0.02413
1988-03-01,0.02403
1988-04-01,0.02384
1988-05-01,0.02421
1988-06-01,0.02421
1988-07-01,0.02427
1988-08-01,0.02448
1988-09-01,0.02459
1988-10-01,0.02461
1988-11-01,0.02449
1988-12-01,0.02445
1989-01-01,0.02453
1989-02-01,0.02480
1989-03-01,0.02482
1989-04-01,0.02474
1989-05-01,0.02514
1989-06-01,0.02505
1989-07-01,0.02491
1989-08-01,0.02483
1989-09-01,0.02477
1989-10-01,0.02463
1989-11-01,0.02440
1989-12-01,0.02421
1990-01-01,0.02412
1990-02-01,0.02417
1990-03-01,0.02407
1990-04-01,0.02395
1990-05-01,0.02426
1990-06-01,0.02415
1990-07-01,0.02407
1990-08-01,0.02392
1990-09-01,0.02377
1990-10-01,0.02365
1990-11-01,0.02339
1990-12-01,0.02315
1991-01-01,0.02295
1991-02-01,0.02285
1991-03-01,0.02262
1991-04-01,0.02250
1991-05-01,0.02275
1991-06-01,0.02277
1991-07-01,0.02282
1991-08-01,0.02285
1991-09-01,0.02288
1991-10-01,0.02274
1991-11-01,0.02258
1991-12-01,0.02241
1992-01-01,0.02236
1992-02-01,0.02234
1992-03-01,0.02229
1992-04-01,0.02222
1992-05-01,0.02255
1992-06-01,0.02261
1992-07-01,0.02260
1992-08-01,0.02260
1992-09-01,0.02252
1992-10-01,0.02242
1992-11-01,0.02232
1992-12-01,0.02222
1993-01-01,0.02224
1993-02-01,0.02246
1993-03-01,0.02242
1993-04-01,0.02233
1993-05-01,0.02251
1993-06-01,0.02253
1993-07-01,0.02261
1993-08-01,0.02272
1993-09-01,0.02270
1993-10-01,0.02265
1993-11-01,0.02253
1993-12-01,0.02235
1994-01-01,0.02246
1994-02-01,0.02260
1994-03-01,0.02253
1994-04-01,0.02244
1994-05-01,0.02281
1994-06-01,0.02291
1994-07-01,0.02293
1994-08-01,0.02307
1994-09-01,0.02309
1994-10-01,0.02311
1994-11-01,0.02296
1994-12-01,0.02283
1995-01-01,0.02288
1995-02-01,0.02302
1995-03-01,0.02294
1995-04-01,0.02280
1995-05-01,0.02304
1995-06-01,0.02287
1995-07-01,0.02283
1995-08-01,0.02277
1995-09-01,0.02273
1995-10-01,0.02271
1995-11-01,0.02253
1995-12-01,0.02234
1996-01-01,0.02228
1996-02-01,0.02233
1996-03-01,0.02214
1996-04-01,0.02209
1996-05-01,0.02239
1996-06-01,0.02232
1996-07-01,0.02236
1996-08-01,0.02235
1996-09-01,0.02237
1996-10-01,0.02225
1996-11-01,0.02204
1996-12-01,0.02177
1997-01-01,0.02172
1997-02-01,0.02182
1997-03-01,0.02169
1997-04-01,0.02156
1997-05-01,0.02195
1997-06-01,0.02192
1997-07-01,0.02190
1997-08-01,0.02182
1997-09-01,0.02180
1997-10-01,0.02172
1997-11-01,0.02162
1997-12-01,0.02145
1998-01-01,0.02142
1998-02-01,0.02147
1998-03-01,0.02131
1998-04-01,0.02118
1998-05-01,0.02159
1998-06-01,0.02163
1998-07-01,0.02166
1998-08-01,0.02168
1998-09-01,0.02156
1998-10-01,0.02146
1998-11-01,0.02125
1998-12-01,0.02102
1999-01-01,0.02099
1999-02-01,0.02108
1999-03-01,0.02104
1999-04-01,0.02093
1999-05-01,0.02138
1999-06-01,0.02143
1999-07-01,0.02150
1999-08-01,0.02158
1999-09-01,0.02160
1999-10-01,0.02161
1999-11-01,0.02154
1999-12-01,0.02135
2000-01-01,0.02139
2000-02-01,0.02151
2000-03-01,0.02144
2000-04-01,0.02129
2000-05-01,0.02191
2000-06-01,0.02202
2000-07-01,0.02216
2000-08-01,0.02216
2000-09-01,0.02213
2000-10-01,0.02221
2000-11-01,0.02217
2000-12-01,0.02202
2001-01-01,0.02191
2001-02-01,0.02191
2001-03-01,0.02168
2001-04-01,0.02152
2001-05-01,0.02194
2001-06-01,0.02193
2001-07-01,0.02201
2001-08-01,0.02198
2001-09-01,0.02164
2001-10-01,0.02173
2001-11-01,0.02151
2001-12-01,0.02124
2002-01-01,0.02132
2002-02-01,0.02137
2002-03-01,0.02137
2002-04-01,0.02152
2002-05-01,0.02194
2002-06-01,0.02208
2002-07-01,0.02218
2002-08-01,0.02217
2002-09-01,0.02222
2002-10-01,0.02216
2002-11-01,0.02201
2002-12-01,0.02190
2003-01-01,0.02198
2003-02-01,0.02205
2003-03-01,0.02198
2003-04-01,0.02194
2003-05-01,0.02219
2003-06-01,0.02224
2003-07-01,0.02229
2003-08-01,0.02230
2003-09-01,0.02258
2003-10-01,0.02278
2003-11-01,0.02284
2003-12-01,0.02288
2004-01-01,0.02316
2004-02-01,0.02336
2004-03-01,0.02338
2004-04-01,0.02340
2004-05-01,0.02373
2004-06-01,0.02396
2004-07-01,0.02423
2004-08-01,0.02441
2004-09-01,0.02445
2004-10-01,0.02458
2004-11-01,0.02460
2004-12-01,0.02458
2005-01-01,0.02497
2005-02-01,0.02525
2005-03-01,0.02543
2005-04-01,0.02560
2005-05-01,0.02625
2005-06-01,0.02638
2005-07-01,0.02664
2005-08-01,0.02684
2005-09-01,0.02693
2005-10-01,0.02703
2005-11-01,0.02697
2005-12-01,0.02685
2006-01-01,0.02693
2006-02-01,0.02698
2006-03-01,0.02687
2006-04-01,0.02671
2006-05-01,0.02711
2006-06-01,0.02691
2006-07-01,0.02685
2006-08-01,0.02672
2006-09-01,0.02659
2006-10-01,0.02644
2006-11-01,0.02611
2006-12-01,0.02583
2007-01-01,0.02569
2007-02-01,0.02565
2007-03-01,0.02529
2007-04-01,0.02495
2007-05-01,0.02509
2007-06-01,0.02490
2007-07-01,0.02481
2007-08-01,0.02451
2007-09-01,0.02426
2007-10-01,0.02405
2007-11-01,0.02353
2007-12-01,0.02308
2008-01-01,0.02276
2008-02-01,0.02231
2008-03-01,0.02175
2008-04-01,0.02148
2008-05-01,0.02164
2008-06-01,0.02150
2008-07-01,0.02134
2008-08-01,0.02117
2008-09-01,0.02073
2008-10-01,0.02006
2008-11-01,0.01952
2008-12-01,0.01857
2009-01-01,0.01799
2009-02-01,0.01778
2009-03-01,0.01735
2009-04-01,0.01735
2009-05-01,0.01755
2009-06-01,0.01771
2009-07-01,0.01788
2009-08-01,0.01793
2009-09-01,0.01778
2009-10-01,0.01761
2009-11-01,0.01739
2009-12-01,0.01713
2010-01-01,0.01706
2010-02-01,0.01681
2010-03-01,0.01673
2010-04-01,0.01685
2010-05-01,0.01710
2010-06-01,0.01712
2010-07-01,0.01716
2010-08-01,0.01699
2010-09-01,0.01668
2010-10-01,0.01641
2010-11-01,0.01615
2010-12-01,0.01585
2011-01-01,0.01566
2011-02-01,0.01545
2011-03-01,0.01526
2011-04-01,0.01530
2011-05-01,0.01555
2011-06-01,0.01554
2011-07-01,0.01536
2011-08-01,0.01497
2011-09-01,0.01472
2011-10-01,0.01447
2011-11-01,0.01415
2011-12-01,0.01389
2012-01-01,0.01370
2012-02-01,0.01366
2012-03-01,0.01370
2012-04-01,0.01389
2012-05-01,0.01424
2012-06-01,0.01435
2012-07-01,0.01439
2012-08-01,0.01434
2012-09-01,0.01418
2012-10-01,0.01404
2012-11-01,0.01389
2012-12-01,0.01365
2013-01-01,0.01369
2013-02-01,0.01383
2013-03-01,0.01393
2013-04-01,0.01412
2013-05-01,0.01451
2013-06-01,0.01468
2013-07-01,0.01479
2013-08-01,0.01482
2013-09-01,0.01475
2013-10-01,0.01456
2013-11-01,0.01450
2013-12-01,0.01433
2014-01-01,0.01431
2014-02-01,0.01432
2014-03-01,0.01428
2014-04-01,0.01434
2014-05-01,0.01459
2014-06-01,0.01463
2014-07-01,0.01464
2014-08-01,0.01463
2014-09-01,0.01456
2014-10-01,0.01443
2014-11-01,0.01434
2014-12-01,0.01415
2015-01-01,0.01410
2015-02-01,0.01406
2015-03-01,0.01404
2015-04-01,0.01410
2015-05-01,0.01441
2015-06-01,0.01448
2015-07-01,0.01449
2015-08-01,0.01447
2015-09-01,0.01438
2015-10-01,0.01436
2015-11-01,0.01422
2015-12-01,0.01406
2016-01-01,0.01398
2016-02-01,0.01398
2016-03-01,0.01389
2016-04-01,0.01392
2016-05-01,0.01416
2016-06-01,0.01419
2016-07-01,0.01421
2016-08-01,0.01416
2016-09-01,0.01410
2016-10-01,0.01405
2016-11-01,0.01394
2016-12-01,0.01385
2017-01-01,0.01386
2017-02-01,0.01388
2017-03-01,0.01381
2017-04-01,0.01384
2017-05-01,0.01412
2017-06-01,0.01419
2017-07-01,0.01422
2017-08-01,0.01420
2017-09-01,0.01419
2017-10-01,0.01416
2017-11-01,0.01411
2017-12-01,0.01402
2018-01-01,0.01409
2018-02-01,0.01419
2018-03-01,0.01414
2018-04-01,0.01421
2018-05-01,0.01445
2018-06-01,0.01446
2018-07-01,0.01449
2018-08-01,0.01446
2018-09-01,0.01442
2018-10-01,0.01442
2018-11-01,0.01436
2018-12-01,0.01414
2019-01-01,0.01410
2019-02-01,0.01417
2019-03-01,0.01410
2019-04-01,0.01415
2019-05-01,0.01433
2019-06-01,0.01426
2019-07-01,0.01423
2019-08-01,0.01417
2019-09-01,0.01410
2019-10-01,0.01398
2019-11-01,0.01387
2019-12-01,0.01374
2020-01-01,0.01374
2020-02-01,0.01383
2020-03-01,0.01345
2020-04-01,0.01270
2020-05-01,0.01231
2020-06-01,0.01213
2020-07-01,0.01210
2020-08-01,0.01221
2020-09-01,0.01220
2020-10-01,0.01229
2020-11-01,0.01223
2020-12-01,0.01216
2021-01-01,0.01218
2021-02-01,0.01227
2021-03-01,0.01227
2021-04-01,0.01232
2021-05-01,0.01257
2021-06-01,0.01278
2021-07-01,0.01290
2021-08-01,0.01294
2021-09-01,0.01295
2021-10-01,0.01296
2021-11-01,0.01294
2021-12-01,0.01285
2022-01-01,0.01300
2022-02-01,0.01328
2022-03-01,0.01348
2022-04-01,0.01374
2022-05-01,0.01418
2022-06-01,0.01426
2022-07-01,0.01420
2022-08-01,0.01405
2022-09-01,0.01396
2022-10-01,0.01394
2022-11-01,0.01385
2022-12-01,0.01371
2023-01-01,0.01373
2023-02-01,0.01388
2023-03-01,0.01412
2023-04-01,0.01441
2023-05-01,0.01474
2023-06-01,0.01484
2023-07-01,0.01495
2023-08-01,0.01504
2023-09-01,0.01508
2023-10-01,0.01513
2023-11-01,0.01505
2023-12-01,0.01488
2024-01-01,0.01488
2024-02-01,0.01501
2024-03-01,0.01506
2024-04-01,0.01520
2024-05-01,0.01547
2024-06-01,0.01546
2024-07-01,0.01547
2024-08-01,0.01538
2024-09-01,0.01530
2024-10-01,0.01524
2024-11-01,0.01510
2024-12-01,0.01496
2025-01-01,0.01498
2025-02-01,0.01511
2025-03-01,0.01503
2025-04-01,0.01506
2025-05-01,0.01525
2025-06-01,0.01514
2025-07-01,0.01507
2025-08-01,0.01497
2025-09-01,0.01488
2025-10-01,0.01481
2025-11-01,0.01474
2025-12-01,0.01455
2026-01-01,0.01453
2026-02-01,0.01457
2026-03-01,0.01449
2026-04-01,0.01451
2026-05-01,0.01461
2026-06-01,
2026-07-01,
